Job Code,Job Title,Job Family,Race ahead of the Machine,Race with the Machine,Race against the Machine,Running a Different Race
00-0000,AVERAGE,AVERAGE,39.80481004,37.99813188,40.42220697,44.14140217
11-1011,Chief Executives,Management Occupations,69.35968942,39.95132612,52.4786278,16.54575986
11-1021,General and Operations Managers,Management Occupations,23.19295971,24.11379131,24.9126894,9.363184278
11-2011,Advertising and Promotions Managers,Management Occupations,38.54022599,24.16075145,37.21879287,9.218576016
11-2021,Marketing Managers,Management Occupations,33.45212396,22.78003955,23.89285785,5.045601084
11-2022,Sales Managers,Management Occupations,35.33592064,32.1890998,33.15833856,5.139804399
11-2031,Public Relations and Fundraising Managers,Management Occupations,26.11653887,15.89891103,31.87711287,5.586712702
11-3011,Administrative Services Managers,Management Occupations,15.08474785,16.08864373,31.37916161,7.829811246
11-3021,Computer and Information Systems Managers,Management Occupations,38.27305562,27.98401033,33.64036622,10.1407431
11-3031,Financial Managers,Management Occupations,39.83720995,17.06677256,42.28296807,8.985686887
11-3051,Industrial Production Managers,Management Occupations,32.69265081,37.05137457,22.55745804,18.88934498
11-3061,Purchasing Managers,Management Occupations,43.14833181,37.16116831,35.47028692,18.92289219
11-3071,"Transportation, Storage, and Distribution Managers",Management Occupations,13.46801127,18.62731663,19.20450745,5.20703976
11-3111,Compensation and Benefits Managers,Management Occupations,17.98654928,17.93842744,25.51737688,0.520406912
11-3131,Training and Development Managers,Management Occupations,38.52126742,38.55631194,27.82626805,3.408136991
11-9021,Construction Managers,Management Occupations,26.68994243,27.71813998,28.95083479,20.06102663
11-9031,"Education Administrators, Preschool and Childcare Center/Program",Management Occupations,27.25241709,43.56056774,37.75902205,8.830568548
11-9032,"Education Administrators, Elementary and Secondary School",Management Occupations,47.50377203,48.41229624,60.97396937,9.455635106
11-9033,"Education Administrators, Postsecondary",Management Occupations,48.32985248,38.78848138,44.71703249,8.097168539
11-9041,Architectural and Engineering Managers,Management Occupations,34.95057665,25.2260701,31.54172706,10.56935243
11-9051,Food Service Managers,Management Occupations,22.19071112,40.32649865,29.71483117,15.06705427
11-9071,Gaming Managers,Management Occupations,30.53268442,42.75779501,50.81344233,15.43971217
11-9081,Lodging Managers,Management Occupations,25.669551,23.65623192,35.64307137,5.896204452
11-9111,Medical and Health Services Managers,Management Occupations,42.63708998,41.71253497,46.9369061,6.912623298
11-9121,Natural Sciences Managers,Management Occupations,19.20815676,8.972802178,21.94589618,9.151440365
11-9131,Postmasters and Mail Superintendents,Management Occupations,29.68110687,32.50704039,36.17148598,11.11421215
11-9141,"Property, Real Estate, and Community Association Managers",Management Occupations,12.91468009,13.3270173,34.27758703,6.617101987
11-9151,Social and Community Service Managers,Management Occupations,41.43898404,25.36037429,46.91897892,10.434207
11-9161,Emergency Management Directors,Management Occupations,32.72126717,23.76727851,33.08991391,11.27612898
13-1031,"Claims Adjusters, Examiners, and Investigators",Business and Financial Operations Occupations,20.96210972,3.440389293,34.08778379,4.371524932
13-1032,"Insurance Appraisers, Auto Damage",Business and Financial Operations Occupations,18.21721005,1.036030678,22.86912112,9.297879618
13-1041,Compliance Officers,Business and Financial Operations Occupations,22.25889655,8.059442592,39.63978482,14.44992075
13-1051,Cost Estimators,Business and Financial Operations Occupations,20.66546081,15.98904528,23.51902449,3.426668344
13-1081,Logisticians,Business and Financial Operations Occupations,29.81216384,17.95063682,20.97402397,6.91596289
13-1111,Management Analysts,Business and Financial Operations Occupations,40.69649541,20.77077722,40.71175607,13.8841144
13-1121,"Meeting, Convention, and Event Planners",Business and Financial Operations Occupations,22.8784487,19.44477182,28.40402172,8.829610113
13-1141,"Compensation, Benefits, and Job Analysis Specialists",Business and Financial Operations Occupations,26.84359256,4.988695344,27.60087503,4.025032614
13-1151,Training and Development Specialists,Business and Financial Operations Occupations,34.50858636,30.46424578,25.85364576,3.19385683
13-1161,Market Research Analysts and Marketing Specialists,Business and Financial Operations Occupations,9.017665511,3.913302449,18.71232948,1.613259904
13-2011,Accountants and Auditors,Business and Financial Operations Occupations,22.4478946,14.70014503,24.06342738,3.897049977
13-2021,Appraisers and Assessors of Real Estate,Business and Financial Operations Occupations,12.16808415,2.304869133,19.74841132,5.840578688
13-2031,Budget Analysts,Business and Financial Operations Occupations,22.53142033,6.365289565,21.52991476,2.169761881
13-2041,Credit Analysts,Business and Financial Operations Occupations,18.4975162,0.373728956,16.90392767,6.325737109
13-2051,Financial Analysts,Business and Financial Operations Occupations,45.04864175,16.92687673,35.1134309,3.014045754
13-2052,Personal Financial Advisors,Business and Financial Operations Occupations,28.85860728,9.120154091,36.36426976,4.396164001
13-2053,Insurance Underwriters,Business and Financial Operations Occupations,21.2982416,4.49578724,25.99182252,5.152188393
13-2061,Financial Examiners,Business and Financial Operations Occupations,52.57167097,26.22760414,38.88599415,10.03103471
13-2071,Credit Counselors,Business and Financial Operations Occupations,32.94819286,17.72698305,44.43236321,9.289159106
13-2072,Loan Officers,Business and Financial Operations Occupations,10.69017884,1.797350711,26.73333409,5.236815628
13-2081,"Tax Examiners and Collectors, and Revenue Agents",Business and Financial Operations Occupations,23.98404323,2.59350832,27.63988071,5.11079951
13-2082,Tax Preparers,Business and Financial Operations Occupations,25.16048808,2.545623231,20.49919679,1.012453777
15-1121,Computer Systems Analysts,Computer and Mathematical Occupations,39.18545132,1.290051058,20.16089015,13.02894225
15-1131,Computer Programmers,Computer and Mathematical Occupations,43.79892766,0.894382154,19.01179179,10.16310342
15-1132,"Software Developers, Applications",Computer and Mathematical Occupations,44.84264514,1.878904738,24.5088062,11.61003518
15-1133,"Software Developers, Systems Software",Computer and Mathematical Occupations,55.9150012,6.220029906,25.4202158,15.50867048
15-1141,Database Administrators,Computer and Mathematical Occupations,22.33853147,2.668159126,16.32929034,3.986477164
15-1142,Network and Computer Systems Administrators,Computer and Mathematical Occupations,36.45383228,3.988492606,20.88673127,14.10587807
15-1151,Computer User Support Specialists,Computer and Mathematical Occupations,17.32792719,3.436410698,16.92570291,6.705730065
15-1199,"Computer Occupations, All Other",Computer and Mathematical Occupations,42.24946188,5.355825135,19.61873894,8.727974134
15-2011,Actuaries,Computer and Mathematical Occupations,37.85141094,7.208738897,29.4400588,4.684680902
15-2021,Mathematicians,Computer and Mathematical Occupations,44.75140248,1.793957267,25.37870123,2.949462912
15-2031,Operations Research Analysts,Computer and Mathematical Occupations,53.77348304,2.966228269,30.86816525,6.013221409
15-2041,Statisticians,Computer and Mathematical Occupations,41.48464337,4.277441262,34.96761374,8.522974265
17-1011,"Architects, Except Landscape and Naval",Architecture and Engineering Occupations,45.73951313,11.6030484,23.73230796,11.687794
17-1012,Landscape Architects,Architecture and Engineering Occupations,51.56489814,18.52538464,30.55104962,20.18930714
17-1021,Cartographers and Photogrammetrists,Architecture and Engineering Occupations,27.74118323,0.29327044,16.30040346,11.90591187
17-1022,Surveyors,Architecture and Engineering Occupations,30.44428395,33.96353922,30.54620773,30.84170797
17-2011,Aerospace Engineers,Architecture and Engineering Occupations,54.43686763,7.1313417,31.97824587,13.10148244
17-2021,Agricultural Engineers,Architecture and Engineering Occupations,54.48346191,23.68392696,29.97797063,30.53496345
17-2031,Biomedical Engineers,Architecture and Engineering Occupations,48.89486606,24.72306496,34.74636276,32.6799801
17-2041,Chemical Engineers,Architecture and Engineering Occupations,40.21113223,7.23697808,25.45569066,17.87489886
17-2051,Civil Engineers,Architecture and Engineering Occupations,38.43564607,22.16186618,23.33020265,17.71261866
17-2061,Computer Hardware Engineers,Architecture and Engineering Occupations,36.08162403,3.785408374,20.49013808,13.22081377
17-2071,Electrical Engineers,Architecture and Engineering Occupations,37.73451926,4.939209013,15.35240684,11.33482311
17-2072,"Electronics Engineers, Except Computer",Architecture and Engineering Occupations,24.08639842,1.308800676,13.71053428,17.4156799
17-2081,Environmental Engineers,Architecture and Engineering Occupations,44.33049917,7.653325503,29.91407987,19.45754059
17-2111,"Health and Safety Engineers, Except Mining Safety Engineers and Inspectors",Architecture and Engineering Occupations,34.01175773,14.61619001,27.32349677,15.07297398
17-2112,Industrial Engineers,Architecture and Engineering Occupations,23.70419524,10.82018092,18.969288,12.74036131
17-2121,Marine Engineers and Naval Architects,Architecture and Engineering Occupations,36.51681165,9.79965502,23.64156406,17.62557964
17-2131,Materials Engineers,Architecture and Engineering Occupations,27.27914436,3.435037401,18.7517737,13.56504561
17-2141,Mechanical Engineers,Architecture and Engineering Occupations,36.61735567,2.492152406,19.2826011,15.23824318
17-2151,"Mining and Geological Engineers, Including Mining Safety Engineers",Architecture and Engineering Occupations,36.78173596,22.47132132,28.47179802,23.51451564
17-2161,Nuclear Engineers,Architecture and Engineering Occupations,46.28689677,13.2353856,39.81376055,26.09707163
17-2171,Petroleum Engineers,Architecture and Engineering Occupations,29.21327902,12.46010722,24.60824019,13.89337167
17-3011,Architectural and Civil Drafters,Architecture and Engineering Occupations,21.31532124,0.184146881,12.49583232,9.57669116
17-3012,Electrical and Electronics Drafters,Architecture and Engineering Occupations,15.86498481,0.109091415,11.11335477,5.134790828
17-3013,Mechanical Drafters,Architecture and Engineering Occupations,42.61645434,2.209025169,23.50848273,21.56175157
17-3022,Civil Engineering Technicians,Architecture and Engineering Occupations,24.92993441,1.014973925,18.99985606,13.73758474
17-3023,Electrical and Electronics Engineering Technicians,Architecture and Engineering Occupations,7.892255965,0,6.121136494,11.44500081
17-3024,Electro-Mechanical Technicians,Architecture and Engineering Occupations,19.48405731,13.72307148,8.884632921,43.19515018
17-3025,Environmental Engineering Technicians,Architecture and Engineering Occupations,12.93381658,7.043482276,16.17710306,22.91791982
17-3026,Industrial Engineering Technicians,Architecture and Engineering Occupations,22.44167456,5.568442623,15.18530287,16.59922092
17-3027,Mechanical Engineering Technicians,Architecture and Engineering Occupations,22.13387738,6.31268348,10.22919468,27.93078173
17-3031,Surveying and Mapping Technicians,Architecture and Engineering Occupations,19.59639868,0.804519061,11.67944045,16.63366656
19-1011,Animal Scientists,"Life, Physical, and Social Science Occupations",39.92667934,15.28223142,24.58345633,9.113769351
19-1012,Food Scientists and Technologists,"Life, Physical, and Social Science Occupations",32.92933115,6.104709527,19.38478687,11.18893528
19-1013,Soil and Plant Scientists,"Life, Physical, and Social Science Occupations",37.39015386,21.00097072,25.61020002,15.94589327
19-1021,Biochemists and Biophysicists,"Life, Physical, and Social Science Occupations",50.41029186,5.489849188,25.41953368,18.8760151
19-1022,Microbiologists,"Life, Physical, and Social Science Occupations",47.06274063,19.42816954,30.16109981,18.08243228
19-1023,Zoologists and Wildlife Biologists,"Life, Physical, and Social Science Occupations",27.21770183,7.491200544,19.31688118,11.01475056
19-1031,Conservation Scientists,"Life, Physical, and Social Science Occupations",23.3623159,17.05918727,32.46472879,18.66891737
19-1032,Foresters,"Life, Physical, and Social Science Occupations",36.96514098,18.67711353,27.06494713,25.09642183
19-1041,Epidemiologists,"Life, Physical, and Social Science Occupations",39.99257921,15.91025779,33.67349771,8.966159173
19-1042,"Medical Scientists, Except Epidemiologists","Life, Physical, and Social Science Occupations",43.99847548,16.0036915,39.67714547,12.83516262
19-2011,Astronomers,"Life, Physical, and Social Science Occupations",47.11513479,5.705913755,32.26152528,10.25025325
19-2021,Atmospheric and Space Scientists,"Life, Physical, and Social Science Occupations",34.14422686,2.525975502,27.6946355,12.74948288
19-2031,Chemists,"Life, Physical, and Social Science Occupations",33.56415172,5.675868595,19.21365215,21.02931115
19-2032,Materials Scientists,"Life, Physical, and Social Science Occupations",39.54611873,5.848324375,30.95800192,22.13416995
19-2041,"Environmental Scientists and Specialists, Including Health","Life, Physical, and Social Science Occupations",29.4585602,5.524684871,22.13179975,16.36574087
19-2042,"Geoscientists, Except Hydrologists and Geographers","Life, Physical, and Social Science Occupations",24.31987776,6.294209651,22.99524506,6.358950867
19-2043,Hydrologists,"Life, Physical, and Social Science Occupations",30.22211981,17.85383825,25.08695768,8.37580661
19-3011,Economists,"Life, Physical, and Social Science Occupations",27.13800048,3.695604283,27.69948035,3.739250273
19-3022,Survey Researchers,"Life, Physical, and Social Science Occupations",22.71234258,7.796230766,34.54957955,5.675404409
19-3031,"Clinical, Counseling, and School Psychologists","Life, Physical, and Social Science Occupations",25.27652081,11.44933607,45.95755627,5.358856979
19-3032,Industrial-Organizational Psychologists,"Life, Physical, and Social Science Occupations",37.73641233,22.44025656,37.27592594,7.205700817
19-3041,Sociologists,"Life, Physical, and Social Science Occupations",30.22323099,13.34049905,26.26363634,2.854598685
19-3051,Urban and Regional Planners,"Life, Physical, and Social Science Occupations",30.2700915,7.262205583,38.32297554,10.13922804
19-3091,Anthropologists and Archeologists,"Life, Physical, and Social Science Occupations",42.30536781,18.97778295,28.68332394,7.589234979
19-3092,Geographers,"Life, Physical, and Social Science Occupations",28.36805751,6.238191447,24.03253421,4.16933535
19-3093,Historians,"Life, Physical, and Social Science Occupations",18.58759808,6.951688424,25.8099277,11.40363188
19-3094,Political Scientists,"Life, Physical, and Social Science Occupations",23.06627228,13.08644523,21.91583287,1.897565004
19-4011,Agricultural and Food Science Technicians,"Life, Physical, and Social Science Occupations",13.43923086,3.953689733,10.02309124,14.48338655
19-4021,Biological Technicians,"Life, Physical, and Social Science Occupations",22.16987517,6.501110618,17.82683375,23.33311029
19-4031,Chemical Technicians,"Life, Physical, and Social Science Occupations",28.47531503,2.231674998,13.81603832,15.5954077
19-4051,Nuclear Technicians,"Life, Physical, and Social Science Occupations",13.15324297,15.8130354,24.62020891,37.71474313
19-4091,"Environmental Science and Protection Technicians, Including Health","Life, Physical, and Social Science Occupations",13.85271114,5.556940448,21.6208214,29.94058647
19-4092,Forensic Science Technicians,"Life, Physical, and Social Science Occupations",30.09883025,0.97461298,23.98154686,20.9323892
19-4093,Forest and Conservation Technicians,"Life, Physical, and Social Science Occupations",3.882646682,14.29264126,5.993308816,18.41737018
21-1012,"Educational, Guidance, School, and Vocational Counselors",Community and Social Service Occupations,15.56265164,16.49827761,41.14854926,2.871107949
21-1013,Marriage and Family Therapists,Community and Social Service Occupations,34.90898097,10.57337217,46.84543546,9.341114428
21-1015,Rehabilitation Counselors,Community and Social Service Occupations,11.93787032,20.24266303,28.86224635,8.01667151
21-1021,"Child, Family, and School Social Workers",Community and Social Service Occupations,5.571495883,14.24691795,27.44101216,2.797675568
21-1022,Healthcare Social Workers,Community and Social Service Occupations,23.2282254,19.49892587,45.51088749,6.340605328
21-1023,Mental Health and Substance Abuse Social Workers,Community and Social Service Occupations,18.34335438,9.110994743,42.35262575,5.514753159
21-1091,Health Educators,Community and Social Service Occupations,24.84076335,19.67587832,42.1399459,4.783275409
21-1092,Probation Officers and Correctional Treatment Specialists,Community and Social Service Occupations,25.26865459,14.25609773,59.15185936,10.4491459
21-1093,Social and Human Service Assistants,Community and Social Service Occupations,10.80933599,17.01780177,27.18692812,5.339399197
21-2011,Clergy,Community and Social Service Occupations,58.32433233,48.09193764,52.83417761,14.5003206
21-2021,"Directors, Religious Activities and Education",Community and Social Service Occupations,9.611567634,23.9142306,19.35249935,2.268926307
23-1011,Lawyers,Legal Occupations,43.89111794,3.636248232,40.3353886,9.083593
23-1012,Judicial Law Clerks,Legal Occupations,23.1200925,0,22.39777314,1.485128485
23-1021,"Administrative Law Judges, Adjudicators, and Hearing Officers",Legal Occupations,29.65457034,1.474508458,35.78004005,4.334949311
23-1022,"Arbitrators, Mediators, and Conciliators",Legal Occupations,23.28141894,5.939021843,38.03483688,3.297743272
23-1023,"Judges, Magistrate Judges, and Magistrates",Legal Occupations,25.95856179,10.26596107,45.75549195,8.065111505
23-2011,Paralegals and Legal Assistants,Legal Occupations,27.7741974,3.239335103,21.00785196,7.540571168
23-2091,Court Reporters,Legal Occupations,29.18133639,0.072622935,14.06764455,12.18805137
23-2093,"Title Examiners, Abstractors, and Searchers",Legal Occupations,26.00431969,4.305894,21.59505985,4.776966873
25-1011,"Business Teachers, Postsecondary","Education, Training, and Library Occupations",24.6975852,18.72996439,26.56676866,1.873979711
25-1021,"Computer Science Teachers, Postsecondary","Education, Training, and Library Occupations",36.05491056,19.42511672,28.65176016,6.151568503
25-1022,"Mathematical Science Teachers, Postsecondary","Education, Training, and Library Occupations",18.74398931,14.16039036,22.20704035,2.648455027
25-1031,"Architecture Teachers, Postsecondary","Education, Training, and Library Occupations",31.8456809,19.11472212,21.60854915,5.652441557
25-1032,"Engineering Teachers, Postsecondary","Education, Training, and Library Occupations",49.20648439,22.6201161,33.05163433,10.18780765
25-1041,"Agricultural Sciences Teachers, Postsecondary","Education, Training, and Library Occupations",33.45264293,30.00336295,32.60365567,6.605605249
25-1042,"Biological Science Teachers, Postsecondary","Education, Training, and Library Occupations",28.56276127,18.4598244,25.49844825,4.110181774
25-1043,"Forestry and Conservation Science Teachers, Postsecondary","Education, Training, and Library Occupations",37.43288063,24.69860553,31.9050481,6.456509556
25-1051,"Atmospheric, Earth, Marine, and Space Sciences Teachers, Postsecondary","Education, Training, and Library Occupations",33.35403987,24.22058148,34.1923155,6.193256604
25-1052,"Chemistry Teachers, Postsecondary","Education, Training, and Library Occupations",22.23958003,21.13217589,24.2564479,8.643568036
25-1053,"Environmental Science Teachers, Postsecondary","Education, Training, and Library Occupations",37.40558204,25.05150929,33.59625769,5.259112054
25-1054,"Physics Teachers, Postsecondary","Education, Training, and Library Occupations",23.38878264,15.89570886,22.99696409,4.62877096
25-1061,"Anthropology and Archeology Teachers, Postsecondary","Education, Training, and Library Occupations",37.75484347,20.48474073,31.13908069,2.575078166
25-1062,"Area, Ethnic, and Cultural Studies Teachers, Postsecondary","Education, Training, and Library Occupations",34.83407072,19.73585561,33.58556193,2.948452919
25-1063,"Economics Teachers, Postsecondary","Education, Training, and Library Occupations",22.49137316,12.76599421,21.94094917,3.010897863
25-1064,"Geography Teachers, Postsecondary","Education, Training, and Library Occupations",26.05490375,15.821723,25.3940648,3.451772438
25-1065,"Political Science Teachers, Postsecondary","Education, Training, and Library Occupations",25.28751337,16.63132021,27.42979279,1.12125717
25-1066,"Psychology Teachers, Postsecondary","Education, Training, and Library Occupations",27.96505833,15.63938684,28.3173987,2.538962326
25-1067,"Sociology Teachers, Postsecondary","Education, Training, and Library Occupations",26.81709068,18.51535067,28.64915428,2.875409802
25-1071,"Health Specialties Teachers, Postsecondary","Education, Training, and Library Occupations",29.45039743,23.20936116,35.69049093,4.93305136
25-1072,"Nursing Instructors and Teachers, Postsecondary","Education, Training, and Library Occupations",42.03429854,31.38316218,51.73314773,9.138263909
25-1081,"Education Teachers, Postsecondary","Education, Training, and Library Occupations",35.87480537,27.18847094,37.40105258,2.899771505
25-1082,"Library Science Teachers, Postsecondary","Education, Training, and Library Occupations",39.40277093,16.73023465,28.64173256,3.286647506
25-1111,"Criminal Justice and Law Enforcement Teachers, Postsecondary","Education, Training, and Library Occupations",33.07356593,20.92520139,32.37950679,2.503324703
25-1112,"Law Teachers, Postsecondary","Education, Training, and Library Occupations",24.26404381,17.8811812,26.20027417,2.378515135
25-1113,"Social Work Teachers, Postsecondary","Education, Training, and Library Occupations",42.94210436,26.14222154,41.66937061,2.05554779
25-1121,"Art, Drama, and Music Teachers, Postsecondary","Education, Training, and Library Occupations",28.51355682,24.84496988,22.52323324,0.920378206
25-1122,"Communications Teachers, Postsecondary","Education, Training, and Library Occupations",30.46395977,25.11937808,34.91902613,2.604851553
25-1123,"English Language and Literature Teachers, Postsecondary","Education, Training, and Library Occupations",33.62112173,24.5989933,32.59871747,2.17552063
25-1124,"Foreign Language and Literature Teachers, Postsecondary","Education, Training, and Library Occupations",25.73090685,20.30556644,25.3952103,0.952966239
25-1125,"History Teachers, Postsecondary","Education, Training, and Library Occupations",26.22498072,14.27644124,25.71449429,1.980513857
25-1126,"Philosophy and Religion Teachers, Postsecondary","Education, Training, and Library Occupations",27.09594449,21.89023547,24.7678377,1.329398598
25-1191,Graduate Teaching Assistants,"Education, Training, and Library Occupations",7.521498128,6.354104436,5.84889461,0.925019399
25-1192,"Home Economics Teachers, Postsecondary","Education, Training, and Library Occupations",37.16748694,30.67356629,36.01430963,2.805997183
25-1193,"Recreation and Fitness Studies Teachers, Postsecondary","Education, Training, and Library Occupations",22.58899942,25.9684326,23.8528224,4.968464529
25-1194,"Vocational Education Teachers, Postsecondary","Education, Training, and Library Occupations",16.14612921,19.3638992,23.69458409,4.885770294
25-2011,"Preschool Teachers, Except Special Education","Education, Training, and Library Occupations",13.69277992,16.9800982,13.79659562,5.58368341
25-2012,"Kindergarten Teachers, Except Special Education","Education, Training, and Library Occupations",31.05755185,26.01963179,32.87371453,7.853219933
25-2021,"Elementary School Teachers, Except Special Education","Education, Training, and Library Occupations",32.52025842,28.19390044,33.30710515,7.835722734
25-2022,"Middle School Teachers, Except Special and Career/Technical Education","Education, Training, and Library Occupations",35.30950589,31.92835663,41.49579832,8.049361227
25-2023,"Career/Technical Education Teachers, Middle School","Education, Training, and Library Occupations",27.32097059,33.7395254,29.27787066,12.95691395
25-2031,"Secondary School Teachers, Except Special and Career/Technical Education","Education, Training, and Library Occupations",34.75212856,28.3341184,34.4501236,6.769774525
25-2032,"Career/Technical Education Teachers, Secondary School","Education, Training, and Library Occupations",36.16928887,44.2769651,42.48657171,15.14444909
25-2053,"Special Education Teachers, Middle School","Education, Training, and Library Occupations",27.87153503,30.21317332,43.19618209,7.682718018
25-2054,"Special Education Teachers, Secondary School","Education, Training, and Library Occupations",27.95179656,25.73110553,48.14977954,4.793023617
25-3011,Adult Basic and Secondary Education and Literacy Teachers and Instructors,"Education, Training, and Library Occupations",17.6158062,14.93695818,17.57865949,2.801249533
25-3021,Self-Enrichment Education Teachers,"Education, Training, and Library Occupations",11.92461835,17.35148826,10.48031951,2.115321516
25-4011,Archivists,"Education, Training, and Library Occupations",18.34143237,3.695994758,14.13935374,1.248153603
25-4012,Curators,"Education, Training, and Library Occupations",44.46146685,25.17943442,24.84590509,15.04386519
25-4013,Museum Technicians and Conservators,"Education, Training, and Library Occupations",7.146326995,4.451647641,3.134787457,7.793434111
25-4021,Librarians,"Education, Training, and Library Occupations",46.25999363,17.46352587,31.49465528,9.909772882
25-4031,Library Technicians,"Education, Training, and Library Occupations",17.86167762,3.707110173,12.07874821,3.40456847
25-9011,Audio-Visual and Multimedia Collections Specialists,"Education, Training, and Library Occupations",20.53265139,13.99135565,15.73860011,10.13517001
25-9021,Farm and Home Management Advisors,"Education, Training, and Library Occupations",38.50495103,31.17663709,35.12094564,12.01593157
25-9031,Instructional Coordinators,"Education, Training, and Library Occupations",45.61225632,33.74751835,39.52016405,10.34229633
25-9041,Teacher Assistants,"Education, Training, and Library Occupations",4.20008201,4.888745362,11.93456842,1.61754679
27-1011,Art Directors,"Arts, Design, Entertainment, Sports, and Media Occupations",41.67715945,12.93469986,22.4564251,8.744904595
27-1012,Craft Artists,"Arts, Design, Entertainment, Sports, and Media Occupations",22.25047041,15.18241586,5.408775653,23.03235429
27-1013,"Fine Artists, Including Painters, Sculptors, and Illustrators","Arts, Design, Entertainment, Sports, and Media Occupations",18.92815274,7.562106293,2.257990728,14.0340021
27-1014,Multimedia Artists and Animators,"Arts, Design, Entertainment, Sports, and Media Occupations",34.04396164,3.000429982,14.87531412,9.00113655
27-1021,Commercial and Industrial Designers,"Arts, Design, Entertainment, Sports, and Media Occupations",26.26971361,1.653643975,17.05133892,11.70553031
27-1023,Floral Designers,"Arts, Design, Entertainment, Sports, and Media Occupations",24.51847799,13.50284546,10.86341364,9.542478639
27-1024,Graphic Designers,"Arts, Design, Entertainment, Sports, and Media Occupations",24.18816513,3.641795459,11.10161529,4.467185746
27-1025,Interior Designers,"Arts, Design, Entertainment, Sports, and Media Occupations",31.30850589,13.33252042,22.0106712,13.23407814
27-1026,Merchandise Displayers and Window Trimmers,"Arts, Design, Entertainment, Sports, and Media Occupations",12.49345228,26.56519604,7.885644104,22.79863224
27-1027,Set and Exhibit Designers,"Arts, Design, Entertainment, Sports, and Media Occupations",27.89566283,29.31183338,20.42765114,22.87947794
27-2011,Actors,"Arts, Design, Entertainment, Sports, and Media Occupations",29.74638231,10.6867456,16.55559477,2.946829331
27-2012,Producers and Directors,"Arts, Design, Entertainment, Sports, and Media Occupations",38.91997776,26.46656414,33.41852701,12.748386
27-2021,Athletes and Sports Competitors,"Arts, Design, Entertainment, Sports, and Media Occupations",20.38963707,64.57317044,13.2792571,18.64923653
27-2022,Coaches and Scouts,"Arts, Design, Entertainment, Sports, and Media Occupations",41.39885828,65.82731537,38.71352114,16.30648959
27-2023,"Umpires, Referees, and Other Sports Officials","Arts, Design, Entertainment, Sports, and Media Occupations",8.926437487,16.03023049,9.900126345,9.951957764
27-2032,Choreographers,"Arts, Design, Entertainment, Sports, and Media Occupations",39.34983822,100.8608149,26.46442613,15.45013597
27-2041,Music Directors and Composers,"Arts, Design, Entertainment, Sports, and Media Occupations",26.8251334,11.78149619,12.45629406,7.101811429
27-3011,Radio and Television Announcers,"Arts, Design, Entertainment, Sports, and Media Occupations",22.91427373,5.663762304,26.86464073,3.992235957
27-3012,Public Address System and Other Announcers,"Arts, Design, Entertainment, Sports, and Media Occupations",9.869875274,8.27157163,13.47610602,16.8088257
27-3021,Broadcast News Analysts,"Arts, Design, Entertainment, Sports, and Media Occupations",41.97955044,9.778890907,35.70023843,9.275414882
27-3022,Reporters and Correspondents,"Arts, Design, Entertainment, Sports, and Media Occupations",30.10369286,1.094108695,31.16856185,5.137629237
27-3031,Public Relations Specialists,"Arts, Design, Entertainment, Sports, and Media Occupations",39.49952633,6.006079237,34.63547998,6.840770541
27-3041,Editors,"Arts, Design, Entertainment, Sports, and Media Occupations",42.18988778,6.627086379,25.21621502,6.843596213
27-3042,Technical Writers,"Arts, Design, Entertainment, Sports, and Media Occupations",26.8163542,3.9247906,16.25396523,5.883713167
27-3043,Writers and Authors,"Arts, Design, Entertainment, Sports, and Media Occupations",28.4504661,0.88990101,14.58169845,2.077355678
27-3091,Interpreters and Translators,"Arts, Design, Entertainment, Sports, and Media Occupations",13.14210188,0.827060031,20.06069759,7.593826111
27-4011,Audio and Video Equipment Technicians,"Arts, Design, Entertainment, Sports, and Media Occupations",27.15833361,15.11365244,13.57923779,36.32247603
27-4012,Broadcast Technicians,"Arts, Design, Entertainment, Sports, and Media Occupations",11.7434155,1.456037097,8.848015595,25.43464678
27-4014,Sound Engineering Technicians,"Arts, Design, Entertainment, Sports, and Media Occupations",33.19618436,12.63665857,17.12558455,42.04252102
27-4021,Photographers,"Arts, Design, Entertainment, Sports, and Media Occupations",15.35674269,8.965376841,10.32955986,15.65777838
27-4031,"Camera Operators, Television, Video, and Motion Picture","Arts, Design, Entertainment, Sports, and Media Occupations",13.01433461,9.641493045,5.781182849,31.94975098
27-4032,Film and Video Editors,"Arts, Design, Entertainment, Sports, and Media Occupations",20.21236222,5.15017494,7.829261988,14.62085351
29-1011,Chiropractors,Healthcare Practitioners and Technical Occupations,30.95994364,27.3471654,32.85634316,14.42746219
29-1021,"Dentists, General",Healthcare Practitioners and Technical Occupations,52.29377567,37.40963053,51.70503495,44.70075598
29-1022,Oral and Maxillofacial Surgeons,Healthcare Practitioners and Technical Occupations,52.74150465,23.90858971,46.80575738,41.61912366
29-1023,Orthodontists,Healthcare Practitioners and Technical Occupations,37.55213021,28.26888357,47.88145652,27.88396728
29-1024,Prosthodontists,Healthcare Practitioners and Technical Occupations,34.45440709,18.84716857,39.25123044,23.05309181
29-1031,Dietitians and Nutritionists,Healthcare Practitioners and Technical Occupations,19.0970778,13.35785553,24.56629454,4.163839114
29-1041,Optometrists,Healthcare Practitioners and Technical Occupations,15.63211815,9.032295032,20.32002312,12.37974005
29-1051,Pharmacists,Healthcare Practitioners and Technical Occupations,29.09260813,13.05783633,29.04591788,9.154766939
29-1061,Anesthesiologists,Healthcare Practitioners and Technical Occupations,52.56938242,13.35394518,60.00526327,43.22140444
29-1062,Family and General Practitioners,Healthcare Practitioners and Technical Occupations,31.98565869,11.82495713,51.22850672,13.6768262
29-1063,"Internists, General",Healthcare Practitioners and Technical Occupations,42.37270276,20.23690895,50.7262623,14.83750947
29-1064,Obstetricians and Gynecologists,Healthcare Practitioners and Technical Occupations,39.27424698,9.668574218,45.6410041,21.6546222
29-1065,"Pediatricians, General",Healthcare Practitioners and Technical Occupations,31.47473549,9.846395873,50.87599526,11.84549725
29-1066,Psychiatrists,Healthcare Practitioners and Technical Occupations,37.80431905,17.64618724,54.2804853,9.256832964
29-1067,Surgeons,Healthcare Practitioners and Technical Occupations,61.43061322,15.19339233,55.2978396,38.35623853
29-1071,Physician Assistants,Healthcare Practitioners and Technical Occupations,27.10703974,9.049833897,43.80899334,12.49939594
29-1081,Podiatrists,Healthcare Practitioners and Technical Occupations,52.05614143,27.11566101,58.68576926,24.49786325
29-1122,Occupational Therapists,Healthcare Practitioners and Technical Occupations,33.72286937,29.49216511,42.37438161,14.26776645
29-1123,Physical Therapists,Healthcare Practitioners and Technical Occupations,21.94090104,29.1190464,33.98069987,16.03802357
29-1124,Radiation Therapists,Healthcare Practitioners and Technical Occupations,23.78415601,15.45097023,33.80044684,30.70378072
29-1125,Recreational Therapists,Healthcare Practitioners and Technical Occupations,21.09478063,33.18617478,31.36002621,8.493321114
29-1126,Respiratory Therapists,Healthcare Practitioners and Technical Occupations,10.9830998,16.31048617,29.23499527,17.16757977
29-1127,Speech-Language Pathologists,Healthcare Practitioners and Technical Occupations,46.1069693,11.55827969,41.17555693,18.20758036
29-1131,Veterinarians,Healthcare Practitioners and Technical Occupations,30.74969123,21.08485844,51.21968433,33.52161583
29-1181,Audiologists,Healthcare Practitioners and Technical Occupations,25.29321869,9.084054879,40.45186226,16.67430625
29-2021,Dental Hygienists,Healthcare Practitioners and Technical Occupations,11.10585342,5.698398714,22.29561417,16.69216638
29-2031,Cardiovascular Technologists and Technicians,Healthcare Practitioners and Technical Occupations,19.4779775,21.50858003,35.94242208,22.96539178
29-2032,Diagnostic Medical Sonographers,Healthcare Practitioners and Technical Occupations,14.17616996,9.004720922,26.40721694,23.45519624
29-2033,Nuclear Medicine Technologists,Healthcare Practitioners and Technical Occupations,18.24955607,10.62471409,34.30314525,17.02166042
29-2041,Emergency Medical Technicians and Paramedics,Healthcare Practitioners and Technical Occupations,13.78213938,34.01224465,26.80130922,43.5391073
29-2051,Dietetic Technicians,Healthcare Practitioners and Technical Occupations,7.392677743,11.92166107,12.13319156,13.20053923
29-2052,Pharmacy Technicians,Healthcare Practitioners and Technical Occupations,15.81198799,5.755197252,14.5016157,4.794685205
29-2053,Psychiatric Technicians,Healthcare Practitioners and Technical Occupations,13.75946195,33.39234116,34.92905946,13.08209437
29-2054,Respiratory Therapy Technicians,Healthcare Practitioners and Technical Occupations,47.039416,36.39770367,50.32860259,33.82654673
29-2055,Surgical Technologists,Healthcare Practitioners and Technical Occupations,10.15450356,25.2712328,28.06442766,33.21778297
29-2056,Veterinary Technologists and Technicians,Healthcare Practitioners and Technical Occupations,6.808107558,11.91178811,30.4941924,17.92346616
29-2061,Licensed Practical and Licensed Vocational Nurses,Healthcare Practitioners and Technical Occupations,19.82149747,36.05605213,34.18192052,21.13911694
29-2071,Medical Records and Health Information Technicians,Healthcare Practitioners and Technical Occupations,9.827216132,1.699402253,7.147641601,1.310422278
29-2081,"Opticians, Dispensing",Healthcare Practitioners and Technical Occupations,7.303479644,8.79036811,21.96430728,4.35665039
29-2091,Orthotists and Prosthetists,Healthcare Practitioners and Technical Occupations,36.17815709,18.78467279,29.73198305,24.4920104
29-9011,Occupational Health and Safety Specialists,Healthcare Practitioners and Technical Occupations,31.28799254,22.58585335,30.6526501,22.74875789
29-9012,Occupational Health and Safety Technicians,Healthcare Practitioners and Technical Occupations,18.06098793,16.37926165,24.71427947,21.35186608
29-9091,Athletic Trainers,Healthcare Practitioners and Technical Occupations,28.17367102,42.71201969,46.74508956,16.91679148
31-1011,Home Health Aides,Healthcare Support Occupations,0.682547969,24.353261,13.639955,12.55883379
31-1013,Psychiatric Aides,Healthcare Support Occupations,6.979994076,13.31989021,39.532809,9.877112936
31-2011,Occupational Therapy Assistants,Healthcare Support Occupations,21.54698566,36.05341567,32.5887306,18.8557403
31-2012,Occupational Therapy Aides,Healthcare Support Occupations,4.332283287,29.52332084,24.99926634,13.64391712
31-2021,Physical Therapist Assistants,Healthcare Support Occupations,8.417894039,22.4380289,20.27984908,10.1883184
31-2022,Physical Therapist Aides,Healthcare Support Occupations,0,23.79552348,11.78722862,9.225845374
31-9011,Massage Therapists,Healthcare Support Occupations,4.872355576,19.61983624,13.10800292,9.640085107
31-9091,Dental Assistants,Healthcare Support Occupations,13.45061591,18.8255198,26.53123502,19.08185913
31-9092,Medical Assistants,Healthcare Support Occupations,7.942939444,11.96619139,25.40504696,7.32532483
31-9093,Medical Equipment Preparers,Healthcare Support Occupations,7.868641899,10.63965069,10.11449953,17.84621256
31-9094,Medical Transcriptionists,Healthcare Support Occupations,20.80412938,0.707673247,15.35217577,7.553366168
31-9095,Pharmacy Aides,Healthcare Support Occupations,9.598701137,10.8829036,20.7824348,4.442356428
31-9096,Veterinary Assistants and Laboratory Animal Caretakers,Healthcare Support Occupations,6.722618602,17.20107015,15.71874426,22.17475872
33-1011,First-Line Supervisors of Correctional Officers,Protective Service Occupations,33.17862056,58.26385501,56.58902248,25.61182973
33-1012,First-Line Supervisors of Police and Detectives,Protective Service Occupations,35.83645915,39.57066642,50.35171533,29.54817406
33-1021,First-Line Supervisors of Fire Fighting and Prevention Workers,Protective Service Occupations,23.47485839,39.96135872,28.6660173,45.61019946
33-2011,Firefighters,Protective Service Occupations,15.41278571,62.95565958,17.7693024,56.29951253
33-2021,Fire Inspectors and Investigators,Protective Service Occupations,25.27884545,13.93822012,35.97432322,27.76666982
33-3011,Bailiffs,Protective Service Occupations,0.842155526,15.41387673,23.90088512,7.836791787
33-3012,Correctional Officers and Jailers,Protective Service Occupations,12.62088897,44.74676804,43.83722831,23.9664621
33-3021,Detectives and Criminal Investigators,Protective Service Occupations,35.33666083,17.36369295,46.82662586,31.08345474
33-3031,Fish and Game Wardens,Protective Service Occupations,10.55062635,20.89376164,27.78805952,31.46765192
33-3041,Parking Enforcement Workers,Protective Service Occupations,4.584527286,12.92084244,14.33275103,13.46683042
33-3051,Police and Sheriff's Patrol Officers,Protective Service Occupations,18.35667313,30.05196837,50.69411855,35.80067703
33-3052,Transit and Railroad Police,Protective Service Occupations,15.32754723,25.75406331,32.4269418,33.89656194
33-9011,Animal Control Workers,Protective Service Occupations,7.349624732,6.949558942,27.34961485,19.92003271
33-9021,Private Detectives and Investigators,Protective Service Occupations,26.41429945,7.645533994,28.78320199,12.56574191
33-9031,Gaming Surveillance Officers and Gaming Investigators,Protective Service Occupations,22.82893576,14.44774898,30.29287579,17.46419199
33-9032,Security Guards,Protective Service Occupations,6.168094116,22.86565467,19.40013541,10.92312623
33-9091,Crossing Guards,Protective Service Occupations,3.383251222,16.04505915,4.707925754,11.1451154
33-9092,"Lifeguards, Ski Patrol, and Other Recreational Protective Service Workers",Protective Service Occupations,0.093106167,14.97855558,10.80368621,10.05940193
35-1011,Chefs and Head Cooks,Food Preparation and Serving Related Occupations,23.24870012,41.64881984,15.69489125,21.77991626
35-1012,First-Line Supervisors of Food Preparation and Serving Workers,Food Preparation and Serving Related Occupations,5.525585438,28.39309169,26.54299234,13.22554681
35-2011,"Cooks, Fast Food",Food Preparation and Serving Related Occupations,6.634305931,21.46958944,11.21342752,8.946762113
35-2012,"Cooks, Institution and Cafeteria",Food Preparation and Serving Related Occupations,6.587435961,17.796999,5.117781197,14.59967721
35-2013,"Cooks, Private Household",Food Preparation and Serving Related Occupations,14.1614989,21.53434894,8.182838165,13.00643559
35-2014,"Cooks, Restaurant",Food Preparation and Serving Related Occupations,6.295431397,22.27062347,3.737162573,17.21598183
35-2015,"Cooks, Short Order",Food Preparation and Serving Related Occupations,3.963724316,11.68184299,5.077479779,12.13275544
35-2021,Food Preparation Workers,Food Preparation and Serving Related Occupations,1.678789486,23.03229092,4.649899685,12.05057106
35-3011,Bartenders,Food Preparation and Serving Related Occupations,9.925413895,25.43714981,18.54151575,4.921794934
35-3021,"Combined Food Preparation and Serving Workers, Including Fast Food",Food Preparation and Serving Related Occupations,0,18.3314536,8.973543264,6.615975749
35-3022,"Counter Attendants, Cafeteria, Food Concession, and Coffee Shop",Food Preparation and Serving Related Occupations,0,16.53346247,5.098707693,3.755301052
35-3031,Waiters and Waitresses,Food Preparation and Serving Related Occupations,1.252560192,25.95238104,12.09791522,6.143175422
35-3041,"Food Servers, Nonrestaurant",Food Preparation and Serving Related Occupations,0.037418581,8.151256623,6.903649445,6.882349126
35-9011,Dining Room and Cafeteria Attendants and Bartender Helpers,Food Preparation and Serving Related Occupations,0,27.91548425,5.104625641,8.498941632
35-9021,Dishwashers,Food Preparation and Serving Related Occupations,2.27826685,24.28651712,1.394151086,21.05869808
35-9031,"Hosts and Hostesses, Restaurant, Lounge, and Coffee Shop",Food Preparation and Serving Related Occupations,0.090323302,14.54399022,19.34118229,2.69295816
37-1011,First-Line Supervisors of Housekeeping and Janitorial Workers,Building and Grounds Cleaning and Maintenance Occupations,5.859004357,21.25052174,17.27836546,10.47249547
37-1012,"First-Line Supervisors of Landscaping, Lawn Service, and Groundskeeping Workers",Building and Grounds Cleaning and Maintenance Occupations,26.55721451,39.88511243,18.22616688,40.10763093
37-2011,"Janitors and Cleaners, Except Maids and Housekeeping Cleaners",Building and Grounds Cleaning and Maintenance Occupations,0,20.03293791,1.638615338,15.38798168
37-2012,Maids and Housekeeping Cleaners,Building and Grounds Cleaning and Maintenance Occupations,0.431795254,18.28785492,1.763142764,9.370259746
37-2021,Pest Control Workers,Building and Grounds Cleaning and Maintenance Occupations,28.14892095,33.77887434,25.64357477,36.84052056
37-3011,Landscaping and Groundskeeping Workers,Building and Grounds Cleaning and Maintenance Occupations,0.037742041,21.07043273,0.208012083,33.16697272
37-3012,"Pesticide Handlers, Sprayers, and Applicators, Vegetation",Building and Grounds Cleaning and Maintenance Occupations,16.44454942,12.83162694,8.765914853,33.94716131
37-3013,Tree Trimmers and Pruners,Building and Grounds Cleaning and Maintenance Occupations,11.69560095,48.07735158,6.440175973,61.93905021
39-1021,First-Line Supervisors of Personal Service Workers,Personal Care and Service Occupations,26.92485544,32.03198962,34.67742408,12.94415415
39-2011,Animal Trainers,Personal Care and Service Occupations,17.27827809,35.46309243,11.63029272,20.9016534
39-2021,Nonfarm Animal Caretakers,Personal Care and Service Occupations,0.906865844,14.77855477,5.464076886,13.82156178
39-3011,Gaming Dealers,Personal Care and Service Occupations,7.981535951,10.17390946,18.90828028,14.26457532
39-3012,Gaming and Sports Book Writers and Runners,Personal Care and Service Occupations,14.96628139,3.312597373,17.24709467,10.67837205
39-3031,"Ushers, Lobby Attendants, and Ticket Takers",Personal Care and Service Occupations,0.058620656,5.367802499,6.416225299,3.712042268
39-3091,Amusement and Recreation Attendants,Personal Care and Service Occupations,1.695342427,6.848868754,15.73272877,6.687922176
39-3092,Costume Attendants,Personal Care and Service Occupations,1.117035509,6.159305841,5.95456138,6.071329702
39-3093,"Locker Room, Coatroom, and Dressing Room Attendants",Personal Care and Service Occupations,0.041489637,17.27885319,5.925382503,6.156465482
39-4011,Embalmers,Personal Care and Service Occupations,15.01424017,13.59052108,21.9269049,20.92674238
39-4021,Funeral Attendants,Personal Care and Service Occupations,0,1.820350436,7.804251415,4.009281006
39-5011,Barbers,Personal Care and Service Occupations,3.944589659,9.107764988,7.440179905,6.651229837
39-5012,"Hairdressers, Hairstylists, and Cosmetologists",Personal Care and Service Occupations,20.99081397,11.23294359,13.69910987,18.94849786
39-5091,"Makeup Artists, Theatrical and Performance",Personal Care and Service Occupations,26.43240927,23.57417649,17.88493833,16.31155095
39-5092,Manicurists and Pedicurists,Personal Care and Service Occupations,7.012001651,2.679255161,11.59083723,6.916844647
39-5094,Skincare Specialists,Personal Care and Service Occupations,7.707156595,4.167604197,20.800943,8.694604943
39-6011,Baggage Porters and Bellhops,Personal Care and Service Occupations,7.78700545,27.3493867,14.1044412,17.71141067
39-6012,Concierges,Personal Care and Service Occupations,12.04955403,18.0596672,35.06673876,3.857552887
39-9011,Childcare Workers,Personal Care and Service Occupations,10.23304325,10.78740634,13.37934044,9.025834662
39-9021,Personal Care Aides,Personal Care and Service Occupations,1.46007339,8.571947246,15.97775177,4.86650008
39-9031,Fitness Trainers and Aerobics Instructors,Personal Care and Service Occupations,9.066495595,73.29156067,18.13904556,9.430124054
39-9032,Recreation Workers,Personal Care and Service Occupations,33.57372743,34.31076288,30.95903352,11.06249571
39-9041,Residential Advisors,Personal Care and Service Occupations,10.49246469,22.20098724,27.61337786,5.013697555
41-1011,First-Line Supervisors of Retail Sales Workers,Sales and Related Occupations,11.30069215,28.29004835,18.08147955,10.06047018
41-1012,First-Line Supervisors of Non-Retail Sales Workers,Sales and Related Occupations,29.61226575,25.00452199,33.34443779,6.248316628
41-2011,Cashiers,Sales and Related Occupations,7.034691811,16.90155952,15.37658403,12.5532153
41-2012,Gaming Change Persons and Booth Cashiers,Sales and Related Occupations,8.079797944,17.81985514,16.61299263,11.71363312
41-2021,Counter and Rental Clerks,Sales and Related Occupations,5.378294114,15.02978767,11.07352668,4.065130794
41-2022,Parts Salespersons,Sales and Related Occupations,16.46026565,11.52530045,21.18394309,9.061213797
41-2031,Retail Salespersons,Sales and Related Occupations,1.856961248,10.01279029,8.952657397,2.108816862
41-3011,Advertising Sales Agents,Sales and Related Occupations,30.6045255,4.823707918,37.68170886,4.47255593
41-3021,Insurance Sales Agents,Sales and Related Occupations,32.42248746,5.014584535,35.69712106,4.275961981
41-3031,"Securities, Commodities, and Financial Services Sales Agents",Sales and Related Occupations,37.29573844,7.769024727,44.17334752,5.13174455
41-3041,Travel Agents,Sales and Related Occupations,11.82672878,5.343180618,30.92398427,2.707513127
41-4011,"Sales Representatives, Wholesale and Manufacturing, Technical and Scientific Products",Sales and Related Occupations,16.82000534,4.999909109,30.15457917,2.97247033
41-4012,"Sales Representatives, Wholesale and Manufacturing, Except Technical and Scientific Products",Sales and Related Occupations,8.776627485,3.360171109,23.37785915,4.744095461
41-9011,Demonstrators and Product Promoters,Sales and Related Occupations,4.687154746,8.687037155,5.808052944,4.039855195
41-9021,Real Estate Brokers,Sales and Related Occupations,10.98737289,6.953406567,23.84640827,4.169119966
41-9022,Real Estate Sales Agents,Sales and Related Occupations,26.89099029,2.255883885,29.04678279,9.659835554
41-9031,Sales Engineers,Sales and Related Occupations,55.80007333,21.73434122,55.38059043,17.88285855
41-9091,"Door-to-Door Sales Workers, News and Street Vendors, and Related Workers",Sales and Related Occupations,6.127465713,8.851724843,10.85059059,0.015056908
43-1011,First-Line Supervisors of Office and Administrative Support Workers,Office and Administrative Support Occupations,35.86087189,31.07443414,38.12162662,8.871627507
43-2011,"Switchboard Operators, Including Answering Service",Office and Administrative Support Occupations,4.430002063,0,15.17409003,3.426146732
43-3011,Bill and Account Collectors,Office and Administrative Support Occupations,18.1389795,1.988985369,30.29088269,3.28929143
43-3021,Billing and Posting Clerks,Office and Administrative Support Occupations,11.18804405,0.275558733,11.63865969,1.501739299
43-3031,"Bookkeeping, Accounting, and Auditing Clerks",Office and Administrative Support Occupations,27.85750201,2.37703156,17.29544258,3.024097104
43-3041,Gaming Cage Workers,Office and Administrative Support Occupations,20.07596493,11.5347318,22.17372408,13.38375965
43-3051,Payroll and Timekeeping Clerks,Office and Administrative Support Occupations,20.38270621,0.170321712,16.89355433,1.054652159
43-3061,Procurement Clerks,Office and Administrative Support Occupations,25.75472159,10.57138036,27.69938159,5.758487192
43-3071,Tellers,Office and Administrative Support Occupations,22.6491657,7.630156403,29.55191119,8.911752357
43-4011,Brokerage Clerks,Office and Administrative Support Occupations,22.53664587,1.858792153,25.20897685,3.625949184
43-4021,Correspondence Clerks,Office and Administrative Support Occupations,22.69020985,1.020221243,20.70157107,7.940030181
43-4031,"Court, Municipal, and License Clerks",Office and Administrative Support Occupations,10.30104725,1.275558574,19.53201273,0.365788848
43-4051,Customer Service Representatives,Office and Administrative Support Occupations,20.12879133,1.643515406,27.88555982,8.133971238
43-4061,"Eligibility Interviewers, Government Programs",Office and Administrative Support Occupations,18.83684778,0.744287737,33.4305726,3.480609106
43-4071,File Clerks,Office and Administrative Support Occupations,30.56325099,3.854891901,9.590625631,5.587633948
43-4081,"Hotel, Motel, and Resort Desk Clerks",Office and Administrative Support Occupations,16.38762909,6.498453264,34.02920715,5.23853988
43-4111,"Interviewers, Except Eligibility and Loan",Office and Administrative Support Occupations,10.99777083,5.63518673,30.09140915,2.804506162
43-4121,"Library Assistants, Clerical",Office and Administrative Support Occupations,21.65203201,5.743194165,5.709405871,5.007165834
43-4131,Loan Interviewers and Clerks,Office and Administrative Support Occupations,20.08452549,1.062487328,31.78825946,5.817330725
43-4141,New Accounts Clerks,Office and Administrative Support Occupations,14.03706652,1.163108144,24.67066567,2.989054442
43-4151,Order Clerks,Office and Administrative Support Occupations,15.28713663,0.735851987,17.62269466,6.137899488
43-4161,"Human Resources Assistants, Except Payroll and Timekeeping",Office and Administrative Support Occupations,18.90560577,4.638076125,18.39903041,5.248780894
43-4171,Receptionists and Information Clerks,Office and Administrative Support Occupations,7.921265398,0.075304339,15.47893435,0.456522239
43-4181,Reservation and Transportation Ticket Agents and Travel Clerks,Office and Administrative Support Occupations,19.77757703,5.416340936,38.92541331,8.31236995
43-5011,Cargo and Freight Agents,Office and Administrative Support Occupations,11.76318163,0.441812067,16.69280442,1.520181821
43-5021,Couriers and Messengers,Office and Administrative Support Occupations,7.29028098,20.44538492,7.083783345,21.39549414
43-5031,"Police, Fire, and Ambulance Dispatchers",Office and Administrative Support Occupations,23.32364807,7.459287429,40.70660603,21.27646801
43-5032,"Dispatchers, Except Police, Fire, and Ambulance",Office and Administrative Support Occupations,28.91931297,3.578194631,22.981459,7.993446251
43-5041,"Meter Readers, Utilities",Office and Administrative Support Occupations,9.929115454,24.86987041,7.154556693,27.4706496
43-5051,Postal Service Clerks,Office and Administrative Support Occupations,9.974882389,13.85809981,12.30641894,12.46315986
43-5052,Postal Service Mail Carriers,Office and Administrative Support Occupations,10.41163793,19.91429237,3.739790446,21.96728697
43-5053,"Postal Service Mail Sorters, Processors, and Processing Machine Operators",Office and Administrative Support Occupations,9.018121711,8.916573431,3.177873278,13.25443993
43-5061,"Production, Planning, and Expediting Clerks",Office and Administrative Support Occupations,22.83319843,10.32466631,15.77285684,6.47165596
43-5071,"Shipping, Receiving, and Traffic Clerks",Office and Administrative Support Occupations,5.128908047,10.71209429,5.996899338,9.340564619
43-5081,Stock Clerks and Order Fillers,Office and Administrative Support Occupations,1.065115413,8.537427469,1.363995782,6.699336829
43-5111,"Weighers, Measurers, Checkers, and Samplers, Recordkeeping",Office and Administrative Support Occupations,17.48892071,10.21129835,16.03180203,9.696570471
43-6011,Executive Secretaries and Executive Administrative Assistants,Office and Administrative Support Occupations,19.72588086,3.483905534,19.99481803,3.846204141
43-6012,Legal Secretaries,Office and Administrative Support Occupations,20.36800777,2.262757348,14.26556972,2.291829081
43-6013,Medical Secretaries,Office and Administrative Support Occupations,9.117102782,0.937897028,21.37426659,3.250575645
43-6014,"Secretaries and Administrative Assistants, Except Legal, Medical, and Executive",Office and Administrative Support Occupations,19.30161294,3.280983081,20.3083768,1.859647941
43-9011,Computer Operators,Office and Administrative Support Occupations,34.49104544,11.15918763,28.63021326,8.808549243
43-9021,Data Entry Keyers,Office and Administrative Support Occupations,19.52179681,1.628568372,13.73195634,10.92613003
43-9022,Word Processors and Typists,Office and Administrative Support Occupations,10.83765597,1.582523616,10.51539885,3.521959177
43-9031,Desktop Publishers,Office and Administrative Support Occupations,26.42546683,0,8.820225493,6.135121743
43-9041,Insurance Claims and Policy Processing Clerks,Office and Administrative Support Occupations,14.63466614,0.362337575,13.00464024,1.213006602
43-9051,"Mail Clerks and Mail Machine Operators, Except Postal Service",Office and Administrative Support Occupations,2.594574725,5.975696214,1.046472546,8.305914435
43-9061,"Office Clerks, General",Office and Administrative Support Occupations,7.484460174,0.063046659,12.49162074,1.5916883
43-9071,"Office Machine Operators, Except Computer",Office and Administrative Support Occupations,17.14914757,18.12335271,16.71984913,20.78642699
43-9081,Proofreaders and Copy Markers,Office and Administrative Support Occupations,26.29210292,8.690257968,17.12757554,5.41457482
43-9111,Statistical Assistants,Office and Administrative Support Occupations,34.05946118,2.809923273,29.79517722,6.193444797
45-1011,"First-Line Supervisors of Farming, Fishing, and Forestry Workers","Farming, Fishing, and Forestry Occupations",20.41861326,32.26897409,13.82762315,42.5226149
45-2011,Agricultural Inspectors,"Farming, Fishing, and Forestry Occupations",11.70516438,14.34421246,11.88467609,24.33174401
45-2021,Animal Breeders,"Farming, Fishing, and Forestry Occupations",9.553069003,22.56036381,7.239196138,21.2898904
45-2041,"Graders and Sorters, Agricultural Products","Farming, Fishing, and Forestry Occupations",0.607201843,3.499477704,1.154798146,6.789597969
45-2092,"Farmworkers and Laborers, Crop, Nursery, and Greenhouse","Farming, Fishing, and Forestry Occupations",0,23.22210187,0.689728662,28.74630404
45-4011,Forest and Conservation Workers,"Farming, Fishing, and Forestry Occupations",21.85627809,33.5163538,13.31801411,38.62324855
45-4022,Logging Equipment Operators,"Farming, Fishing, and Forestry Occupations",0.109796143,9.934424144,2.419380999,48.1493847
45-4023,Log Graders and Scalers,"Farming, Fishing, and Forestry Occupations",13.35315903,27.25844752,15.13994538,18.5338692
47-1011,First-Line Supervisors of Construction Trades and Extraction Workers,Construction and Extraction Occupations,19.53149309,32.67722763,17.48956037,33.81457322
47-2011,Boilermakers,Construction and Extraction Occupations,17.50399613,28.48417129,9.087103136,52.23870153
47-2021,Brickmasons and Blockmasons,Construction and Extraction Occupations,2.420522191,43.68090542,2.733144328,29.02607722
47-2031,Carpenters,Construction and Extraction Occupations,10.97159037,48.67614962,5.175797104,39.00981551
47-2041,Carpet Installers,Construction and Extraction Occupations,10.91659739,56.16528472,4.7124261,32.30803426
47-2044,Tile and Marble Setters,Construction and Extraction Occupations,13.48113807,45.19785075,7.756795395,31.16569039
47-2051,Cement Masons and Concrete Finishers,Construction and Extraction Occupations,0.367277457,25.62570832,5.166296695,34.84266384
47-2053,Terrazzo Workers and Finishers,Construction and Extraction Occupations,1.842812087,31.08831286,2.145854331,38.28284371
47-2061,Construction Laborers,Construction and Extraction Occupations,1.665569182,23.02040202,0.909181678,30.44834304
47-2071,"Paving, Surfacing, and Tamping Equipment Operators",Construction and Extraction Occupations,6.421465919,25.57775674,5.02742686,51.44338681
47-2072,Pile-Driver Operators,Construction and Extraction Occupations,7.815145118,19.55236802,5.550291292,60.1352319
47-2073,Operating Engineers and Other Construction Equipment Operators,Construction and Extraction Occupations,5.679805943,6.358171507,2.126297117,43.04456411
47-2081,Drywall and Ceiling Tile Installers,Construction and Extraction Occupations,18.37495837,51.87586055,10.56566394,43.78761156
47-2082,Tapers,Construction and Extraction Occupations,5.525846881,28.67059375,0.72090491,22.68087989
47-2111,Electricians,Construction and Extraction Occupations,12.9194883,30.20123909,7.20852721,53.9996056
47-2121,Glaziers,Construction and Extraction Occupations,2.312272412,22.77662101,2.158116453,26.75848703
47-2131,"Insulation Workers, Floor, Ceiling, and Wall",Construction and Extraction Occupations,2.22606199,38.5775702,0.981204892,41.93508972
47-2141,"Painters, Construction and Maintenance",Construction and Extraction Occupations,0.602338259,32.43138545,0.653213285,28.0623828
47-2151,Pipelayers,Construction and Extraction Occupations,1.322850852,21.27379048,3.783511536,36.64874963
47-2152,"Plumbers, Pipefitters, and Steamfitters",Construction and Extraction Occupations,17.6303198,27.72599406,7.908972408,38.3299474
47-2161,Plasterers and Stucco Masons,Construction and Extraction Occupations,29.54590583,50.5181789,13.29216405,47.95899454
47-2171,Reinforcing Iron and Rebar Workers,Construction and Extraction Occupations,3.79171511,49.25686328,3.963876034,44.26351974
47-2181,Roofers,Construction and Extraction Occupations,14.63510671,50.2998515,6.676896788,47.58678677
47-2211,Sheet Metal Workers,Construction and Extraction Occupations,4.069532343,31.03423166,2.019461221,30.93543634
47-2221,Structural Iron and Steel Workers,Construction and Extraction Occupations,17.22401966,54.79989811,11.38104905,72.5030886
47-3011,"Helpers--Brickmasons, Blockmasons, Stonemasons, and Tile and Marble Setters",Construction and Extraction Occupations,3.657202357,41.69611006,2.428011702,45.67084143
47-3012,Helpers--Carpenters,Construction and Extraction Occupations,0.703663825,30.05968657,3.888011799,34.41771179
47-3013,Helpers--Electricians,Construction and Extraction Occupations,11.14453049,38.91448544,6.387656127,40.7326987
47-3015,"Helpers--Pipelayers, Plumbers, Pipefitters, and Steamfitters",Construction and Extraction Occupations,4.682448948,21.03677046,4.891497307,35.73115453
47-4011,Construction and Building Inspectors,Construction and Extraction Occupations,13.86816405,4.634098008,19.51907469,18.6014879
47-4041,Hazardous Materials Removal Workers,Construction and Extraction Occupations,22.91737716,36.34962429,15.40153373,50.67651083
47-4051,Highway Maintenance Workers,Construction and Extraction Occupations,1.694879937,28.48593608,1.10627994,42.35328745
47-4061,Rail-Track Laying and Maintenance Equipment Operators,Construction and Extraction Occupations,7.879040329,32.06148582,6.196125355,52.42895797
47-4071,Septic Tank Servicers and Sewer Pipe Cleaners,Construction and Extraction Occupations,10.00869239,30.18949137,7.067306075,53.72672866
47-5013,"Service Unit Operators, Oil, Gas, and Mining",Construction and Extraction Occupations,12.50716933,29.6412185,6.507995425,63.32436634
47-5021,"Earth Drillers, Except Oil and Gas",Construction and Extraction Occupations,7.814639146,13.36436323,0.172880667,42.50932269
47-5041,Continuous Mining Machine Operators,Construction and Extraction Occupations,21.15661205,34.16387618,11.27979324,70.41120015
47-5061,"Roof Bolters, Mining",Construction and Extraction Occupations,12.81687614,42.32052108,4.503911723,69.23041855
47-5071,"Roustabouts, Oil and Gas",Construction and Extraction Occupations,6.501779031,31.39408888,6.087531372,54.63008769
47-5081,Helpers--Extraction Workers,Construction and Extraction Occupations,7.668966305,41.18214598,4.534164561,59.76255175
49-1011,"First-Line Supervisors of Mechanics, Installers, and Repairers","Installation, Maintenance, and Repair Occupations",25.55042007,37.36873298,22.05060258,33.68903146
49-2011,"Computer, Automated Teller, and Office Machine Repairers","Installation, Maintenance, and Repair Occupations",25.86269665,3.963852599,16.34064854,25.32932097
49-2021,"Radio, Cellular, and Tower Equipment Installers and Repairers","Installation, Maintenance, and Repair Occupations",25.30148686,7.041312816,15.76981594,33.28597281
49-2022,"Telecommunications Equipment Installers and Repairers, Except Line Installers","Installation, Maintenance, and Repair Occupations",20.30438384,20.93041034,11.13807343,47.97539371
49-2091,Avionics Technicians,"Installation, Maintenance, and Repair Occupations",23.7386663,1.569053202,11.74875613,27.3296865
49-2092,"Electric Motor, Power Tool, and Related Repairers","Installation, Maintenance, and Repair Occupations",12.52040578,20.31734193,6.713089023,52.33422564
49-2094,"Electrical and Electronics Repairers, Commercial and Industrial Equipment","Installation, Maintenance, and Repair Occupations",10.62882123,5.371017912,3.648155214,24.91761446
49-2095,"Electrical and Electronics Repairers, Powerhouse, Substation, and Relay","Installation, Maintenance, and Repair Occupations",23.38824246,19.79082055,15.63607238,45.90330692
49-2096,"Electronic Equipment Installers and Repairers, Motor Vehicles","Installation, Maintenance, and Repair Occupations",31.18458946,24.58778253,18.29650967,53.98208098
49-2098,Security and Fire Alarm Systems Installers,"Installation, Maintenance, and Repair Occupations",12.78932984,16.78327315,6.893412791,33.54278134
49-3011,Aircraft Mechanics and Service Technicians,"Installation, Maintenance, and Repair Occupations",19.53577751,18.6104495,7.137166829,48.8665983
49-3021,Automotive Body and Related Repairers,"Installation, Maintenance, and Repair Occupations",15.84210483,33.1741232,0.278018974,42.13479221
49-3022,Automotive Glass Installers and Repairers,"Installation, Maintenance, and Repair Occupations",15.20343354,22.43255865,10.99757801,34.07407542
49-3023,Automotive Service Technicians and Mechanics,"Installation, Maintenance, and Repair Occupations",25.31652849,19.71916546,7.791071279,57.43246133
49-3031,Bus and Truck Mechanics and Diesel Engine Specialists,"Installation, Maintenance, and Repair Occupations",9.326628487,24.00561007,2.81074605,53.86760026
49-3041,Farm Equipment Mechanics and Service Technicians,"Installation, Maintenance, and Repair Occupations",14.668004,20.33885283,6.380985734,59.55637168
49-3042,"Mobile Heavy Equipment Mechanics, Except Engines","Installation, Maintenance, and Repair Occupations",21.97173177,15.27194924,4.607141532,57.3577472
49-3051,Motorboat Mechanics and Service Technicians,"Installation, Maintenance, and Repair Occupations",15.07042065,16.14464218,6.816116883,54.19342646
49-3052,Motorcycle Mechanics,"Installation, Maintenance, and Repair Occupations",7.285665089,17.02450185,7.569304996,36.75423861
49-3053,Outdoor Power Equipment and Other Small Engine Mechanics,"Installation, Maintenance, and Repair Occupations",5.503062825,10.49743321,5.02749157,33.9591549
49-3091,Bicycle Repairers,"Installation, Maintenance, and Repair Occupations",11.89821145,18.53378773,11.35810439,28.99481908
49-3092,Recreational Vehicle Service Technicians,"Installation, Maintenance, and Repair Occupations",8.536465303,16.83998812,2.008029853,47.12664567
49-3093,Tire Repairers and Changers,"Installation, Maintenance, and Repair Occupations",10.55249757,31.86757953,3.720696291,40.13537452
49-9011,Mechanical Door Repairers,"Installation, Maintenance, and Repair Occupations",9.163960581,30.23945072,5.639609753,42.92202784
49-9012,"Control and Valve Installers and Repairers, Except Mechanical Door","Installation, Maintenance, and Repair Occupations",15.01742262,14.63524096,5.367905228,40.17171935
49-9021,"Heating, Air Conditioning, and Refrigeration Mechanics and Installers","Installation, Maintenance, and Repair Occupations",19.63520995,27.13101254,7.019948133,50.0792486
49-9031,Home Appliance Repairers,"Installation, Maintenance, and Repair Occupations",8.754310613,18.89585358,11.89144457,32.55895213
49-9041,Industrial Machinery Mechanics,"Installation, Maintenance, and Repair Occupations",15.60026869,28.54806593,2.806254755,59.73088494
49-9043,"Maintenance Workers, Machinery","Installation, Maintenance, and Repair Occupations",9.213229086,12.47845469,2.965998377,47.0409116
49-9044,Millwrights,"Installation, Maintenance, and Repair Occupations",18.69272304,30.06036764,7.716529985,57.52831886
49-9051,Electrical Power-Line Installers and Repairers,"Installation, Maintenance, and Repair Occupations",19.51618292,36.69964629,9.88472199,51.84917549
49-9052,Telecommunications Line Installers and Repairers,"Installation, Maintenance, and Repair Occupations",9.620343221,25.23614182,7.832531478,49.00136775
49-9061,Camera and Photographic Equipment Repairers,"Installation, Maintenance, and Repair Occupations",11.57018318,2.031989201,3.220624064,18.38582704
49-9062,Medical Equipment Repairers,"Installation, Maintenance, and Repair Occupations",38.83714488,12.87798064,14.37931669,38.71147961
49-9063,Musical Instrument Repairers and Tuners,"Installation, Maintenance, and Repair Occupations",14.97416916,9.461263136,4.556822711,29.03246217
49-9064,Watch Repairers,"Installation, Maintenance, and Repair Occupations",22.91094228,6.650857794,4.887980834,21.62769362
49-9071,"Maintenance and Repair Workers, General","Installation, Maintenance, and Repair Occupations",8.039038816,21.12000492,1.479955504,35.56644062
49-9091,"Coin, Vending, and Amusement Machine Servicers and Repairers","Installation, Maintenance, and Repair Occupations",6.947536693,15.76812809,11.59783716,32.5710991
49-9092,Commercial Divers,"Installation, Maintenance, and Repair Occupations",26.41323491,41.73367268,17.70840997,66.31547965
49-9094,Locksmiths and Safe Repairers,"Installation, Maintenance, and Repair Occupations",9.201230917,16.77743771,11.58906464,36.70399059
49-9098,"Helpers--Installation, Maintenance, and Repair Workers","Installation, Maintenance, and Repair Occupations",14.74562899,37.34145497,4.835510359,53.9323118
51-1011,First-Line Supervisors of Production and Operating Workers,Production Occupations,30.12201216,37.93904432,23.76086356,22.74522779
51-2011,"Aircraft Structure, Surfaces, Rigging, and Systems Assemblers",Production Occupations,12.83009332,22.75811514,3.900735508,44.75786498
51-2021,"Coil Winders, Tapers, and Finishers",Production Occupations,6.74310023,4.755551767,1.551510813,20.87232549
51-2031,Engine and Other Machine Assemblers,Production Occupations,11.73377423,15.09900571,1.444878839,38.77469862
51-2041,Structural Metal Fabricators and Fitters,Production Occupations,1.437224062,19.11214856,2.171955036,24.75926292
51-3011,Bakers,Production Occupations,4.330581516,14.7201563,4.03534501,10.38910832
51-3021,Butchers and Meat Cutters,Production Occupations,4.347441918,20.8801427,6.444722794,20.83315564
51-3022,"Meat, Poultry, and Fish Cutters and Trimmers",Production Occupations,0,11.55168744,2.007290144,14.73648936
51-3023,Slaughterers and Meat Packers,Production Occupations,5.818948433,18.76186438,3.211547217,28.21671594
51-3091,"Food and Tobacco Roasting, Baking, and Drying Machine Operators and Tenders",Production Occupations,7.47354981,26.07615076,5.248281146,31.16358353
51-3092,Food Batchmakers,Production Occupations,7.683903132,12.48527643,4.489675188,24.26226359
51-3093,Food Cooking Machine Operators and Tenders,Production Occupations,16.88711274,17.47065844,8.418178261,27.11268819
51-4011,"Computer-Controlled Machine Tool Operators, Metal and Plastic",Production Occupations,20.48191701,19.83138738,5.054193127,48.35740929
51-4012,"Computer Numerically Controlled Machine Tool Programmers, Metal and Plastic",Production Occupations,23.97110923,10.3343147,11.27617706,31.47735171
51-4021,"Extruding and Drawing Machine Setters, Operators, and Tenders, Metal and Plastic",Production Occupations,3.832400746,23.93278733,2.176517531,45.04964667
51-4022,"Forging Machine Setters, Operators, and Tenders, Metal and Plastic",Production Occupations,4.31168288,9.34698094,1.617755891,24.82541827
51-4023,"Rolling Machine Setters, Operators, and Tenders, Metal and Plastic",Production Occupations,22.22451262,29.6860554,7.179026586,57.58780958
51-4031,"Cutting, Punching, and Press Machine Setters, Operators, and Tenders, Metal and Plastic",Production Occupations,4.733659273,15.63637718,1.211999939,35.59363271
51-4032,"Drilling and Boring Machine Tool Setters, Operators, and Tenders, Metal and Plastic",Production Occupations,6.423142695,15.20363245,4.179070076,31.93881464
51-4033,"Grinding, Lapping, Polishing, and Buffing Machine Tool Setters, Operators, and Tenders, Metal and Plastic",Production Occupations,12.81222837,15.36686948,7.089978187,45.52141612
51-4034,"Lathe and Turning Machine Tool Setters, Operators, and Tenders, Metal and Plastic",Production Occupations,8.159256,11.35532275,3.45496171,29.80336806
51-4035,"Milling and Planing Machine Setters, Operators, and Tenders, Metal and Plastic",Production Occupations,11.00202467,10.90534411,7.250866216,37.58906658
51-4041,Machinists,Production Occupations,6.530397003,13.92045788,3.063550861,35.09572953
51-4051,Metal-Refining Furnace Operators and Tenders,Production Occupations,10.69398385,26.75781834,5.767233018,55.13284946
51-4052,"Pourers and Casters, Metal",Production Occupations,6.901044852,20.36719427,1.915672066,43.90691462
51-4061,"Model Makers, Metal and Plastic",Production Occupations,5.294909737,12.74969051,2.717265385,26.42873735
51-4062,"Patternmakers, Metal and Plastic",Production Occupations,9.928758987,7.387371977,4.131723406,32.05631527
51-4071,Foundry Mold and Coremakers,Production Occupations,7.468585271,19.573247,0.433289935,35.09089547
51-4072,"Molding, Coremaking, and Casting Machine Setters, Operators, and Tenders, Metal and Plastic",Production Occupations,2.581700873,19.18404665,0.915314443,31.57624971
51-4081,"Multiple Machine Tool Setters, Operators, and Tenders, Metal and Plastic",Production Occupations,12.06337026,17.82794326,2.321556384,43.41666746
51-4111,Tool and Die Makers,Production Occupations,10.50802442,9.375813241,5.427637694,28.18584293
51-4121,"Welders, Cutters, Solderers, and Brazers",Production Occupations,2.502745225,8.156821036,1.19273522,22.28043522
51-4122,"Welding, Soldering, and Brazing Machine Setters, Operators, and Tenders",Production Occupations,4.282743701,7.303628156,0.976203897,29.0185247
51-4191,"Heat Treating Equipment Setters, Operators, and Tenders, Metal and Plastic",Production Occupations,8.928532226,24.31873096,2.106972953,43.02440344
51-4192,"Layout Workers, Metal and Plastic",Production Occupations,6.864043652,13.08756695,7.810458383,37.61516473
51-4193,"Plating and Coating Machine Setters, Operators, and Tenders, Metal and Plastic",Production Occupations,0,14.20013472,0.545304206,23.04990495
51-4194,"Tool Grinders, Filers, and Sharpeners",Production Occupations,7.718222311,18.45564837,8.269302159,43.57299811
51-5111,Prepress Technicians and Workers,Production Occupations,20.13971108,3.23285866,7.631395559,12.40534658
51-6011,Laundry and Dry-Cleaning Workers,Production Occupations,3.909433973,16.0182101,3.322266313,14.0915896
51-6021,"Pressers, Textile, Garment, and Related Materials",Production Occupations,3.439966187,20.68143268,0.526285127,17.98696677
51-6031,Sewing Machine Operators,Production Occupations,5.622219118,1.535875941,2.567218381,18.31361767
51-6092,Fabric and Apparel Patternmakers,Production Occupations,28.99930465,5.85933296,12.35376774,15.06664626
51-6093,Upholsterers,Production Occupations,5.088662429,22.9107269,2.6998783,31.39600359
51-7011,Cabinetmakers and Bench Carpenters,Production Occupations,8.080625994,28.8765709,2.258543257,41.75851347
51-7021,Furniture Finishers,Production Occupations,11.89785368,30.07083029,0.919732228,39.15005968
51-7041,"Sawing Machine Setters, Operators, and Tenders, Wood",Production Occupations,4.950024373,15.48793415,0.996727544,33.83366106
51-7042,"Woodworking Machine Setters, Operators, and Tenders, Except Sawing",Production Occupations,4.77177273,17.77560001,0.958315533,37.98196332
51-8011,Nuclear Power Reactor Operators,Production Occupations,28.14370904,4.258882225,27.24489722,32.80382722
51-8012,Power Distributors and Dispatchers,Production Occupations,32.40968059,12.22239852,16.78926774,22.63055767
51-8013,Power Plant Operators,Production Occupations,11.70644433,17.78790132,14.89193973,43.49325129
51-8021,Stationary Engineers and Boiler Operators,Production Occupations,12.68199863,11.25102761,6.832738954,43.24802263
51-8031,Water and Wastewater Treatment Plant and System Operators,Production Occupations,14.92423343,17.7947786,9.211415361,41.99510618
51-8091,Chemical Plant and System Operators,Production Occupations,22.27119804,14.83637389,11.13810749,49.84718336
51-9011,Chemical Equipment Operators and Tenders,Production Occupations,14.08435837,19.01790132,13.07239429,49.64022385
51-9012,"Separating, Filtering, Clarifying, Precipitating, and Still Machine Setters, Operators, and Tenders",Production Occupations,8.772864469,23.35567228,4.466396614,46.89273887
51-9021,"Crushing, Grinding, and Polishing Machine Setters, Operators, and Tenders",Production Occupations,7.234166262,24.32806445,5.343623063,50.38237033
51-9022,"Grinding and Polishing Workers, Hand",Production Occupations,5.321278134,18.54596596,4.676344561,36.76636677
51-9023,"Mixing and Blending Machine Setters, Operators, and Tenders",Production Occupations,6.800263954,19.0906096,4.453397752,48.71565003
51-9032,"Cutting and Slicing Machine Setters, Operators, and Tenders",Production Occupations,23.66113908,27.13528644,7.498665455,46.90026764
51-9041,"Extruding, Forming, Pressing, and Compacting Machine Setters, Operators, and Tenders",Production Occupations,5.109288018,20.29322928,1.653981372,41.65568005
51-9051,"Furnace, Kiln, Oven, Drier, and Kettle Operators and Tenders",Production Occupations,4.947917956,24.77673847,6.910653512,36.89798723
51-9061,"Inspectors, Testers, Sorters, Samplers, and Weighers",Production Occupations,1.754179228,6.337412361,4.98365417,12.8057595
51-9081,Dental Laboratory Technicians,Production Occupations,20.40337817,3.929003548,5.65984452,22.94285368
51-9082,Medical Appliance Technicians,Production Occupations,25.43209331,19.89784973,11.70348126,32.70669632
51-9083,Ophthalmic Laboratory Technicians,Production Occupations,23.65476996,16.43382608,9.676100395,26.8232224
51-9111,Packaging and Filling Machine Operators and Tenders,Production Occupations,21.53468693,35.60489142,4.763944423,55.47033242
51-9121,"Coating, Painting, and Spraying Machine Setters, Operators, and Tenders",Production Occupations,4.238292639,20.45107849,1.652562788,43.37582452
51-9122,"Painters, Transportation Equipment",Production Occupations,3.052401431,21.36993193,1.210385083,36.04606593
51-9191,Adhesive Bonding Machine Operators and Tenders,Production Occupations,12.45778351,33.0129913,2.892603954,41.67105737
51-9192,"Cleaning, Washing, and Metal Pickling Equipment Operators and Tenders",Production Occupations,3.408607709,25.83790503,2.704918243,24.37734968
51-9193,Cooling and Freezing Equipment Operators and Tenders,Production Occupations,16.68318679,24.20478245,9.929713825,47.91855765
51-9194,Etchers and Engravers,Production Occupations,20.19194782,7.212244291,3.209128543,22.28545837
51-9195,"Molders, Shapers, and Casters, Except Metal and Plastic",Production Occupations,1.186141073,14.4515018,0.441012565,30.5752196
51-9196,"Paper Goods Machine Setters, Operators, and Tenders",Production Occupations,8.466259657,21.10924287,3.326863443,35.67383621
51-9198,Helpers--Production Workers,Production Occupations,4.535397979,19.24002314,1.371625544,24.5729041
53-1011,Aircraft Cargo Handling Supervisors,Transportation and Material Moving Occupations,24.47621586,40.29203962,23.78584596,46.93458206
53-2011,"Airline Pilots, Copilots, and Flight Engineers",Transportation and Material Moving Occupations,57.34216199,15.44836163,42.2037243,70.91672746
53-2012,Commercial Pilots,Transportation and Material Moving Occupations,32.1910728,5.729342608,15.20107167,52.63204324
53-2021,Air Traffic Controllers,Transportation and Material Moving Occupations,58.30677711,3.0403115,37.59418436,34.90931917
53-2022,Airfield Operations Specialists,Transportation and Material Moving Occupations,16.51957896,4.856548015,25.42083301,18.4284929
53-2031,Flight Attendants,Transportation and Material Moving Occupations,6.676629063,35.09083338,37.39959624,29.62106879
53-3011,"Ambulance Drivers and Attendants, Except Emergency Medical Technicians",Transportation and Material Moving Occupations,1.507517243,12.59620779,18.7467137,29.11195945
53-3021,"Bus Drivers, Transit and Intercity",Transportation and Material Moving Occupations,20.14412845,11.44029206,14.93023578,52.99223741
53-3022,"Bus Drivers, School or Special Client",Transportation and Material Moving Occupations,1.215714932,7.037449234,13.7781107,36.45058418
53-3031,Driver/Sales Workers,Transportation and Material Moving Occupations,2.0739385,7.263436133,8.982870984,21.55423562
53-3032,Heavy and Tractor-Trailer Truck Drivers,Transportation and Material Moving Occupations,5.131001443,16.18372406,7.464654903,46.57774446
53-3033,Light Truck or Delivery Services Drivers,Transportation and Material Moving Occupations,11.01545526,14.98736315,9.958347154,40.86453131
53-3041,Taxi Drivers and Chauffeurs,Transportation and Material Moving Occupations,10.84273661,10.23822947,9.413555255,38.49620281
53-4011,Locomotive Engineers,Transportation and Material Moving Occupations,11.80534884,9.42196848,7.539941833,56.44120499
53-4031,Railroad Conductors and Yardmasters,Transportation and Material Moving Occupations,9.959403065,22.59679531,9.089300181,42.62650094
53-5011,Sailors and Marine Oilers,Transportation and Material Moving Occupations,3.758569874,34.03838806,9.601482709,58.75409741
53-5021,"Captains, Mates, and Pilots of Water Vessels",Transportation and Material Moving Occupations,16.89283525,21.31858016,14.48412231,59.52630132
53-5031,Ship Engineers,Transportation and Material Moving Occupations,13.79101825,19.01468136,8.263407622,55.80401879
53-6021,Parking Lot Attendants,Transportation and Material Moving Occupations,0.806726981,30.8829243,19.02637836,30.96442385
53-6031,Automotive and Watercraft Service Attendants,Transportation and Material Moving Occupations,2.182817878,20.21118908,8.003627519,29.81236562
53-6041,Traffic Technicians,Transportation and Material Moving Occupations,10.72730686,7.891363564,21.55455082,13.90326289
53-6051,Transportation Inspectors,Transportation and Material Moving Occupations,16.63518264,8.555897729,12.65561773,30.10944421
53-6061,"Transportation Attendants, Except Flight Attendants",Transportation and Material Moving Occupations,5.815468059,22.20199614,18.67859191,21.25169491
53-7011,Conveyor Operators and Tenders,Transportation and Material Moving Occupations,8.461492758,15.07935185,6.660644505,38.55718666
53-7021,Crane and Tower Operators,Transportation and Material Moving Occupations,10.68903341,9.731433272,6.864666009,56.69434696
53-7032,Excavating and Loading Machine and Dragline Operators,Transportation and Material Moving Occupations,1.43407247,14.49627859,1.758386532,54.96183145
53-7051,Industrial Truck and Tractor Operators,Transportation and Material Moving Occupations,4.461959495,16.93582646,0.878744726,36.22554612
53-7061,Cleaners of Vehicles and Equipment,Transportation and Material Moving Occupations,0.800270728,15.51638189,0.991143251,21.18458468
53-7062,"Laborers and Freight, Stock, and Material Movers, Hand",Transportation and Material Moving Occupations,3.621760914,21.38499568,4.612324397,28.47996134
53-7063,Machine Feeders and Offbearers,Transportation and Material Moving Occupations,0.582065151,17.37225452,0.817111263,32.78715861
53-7064,"Packers and Packagers, Hand",Transportation and Material Moving Occupations,0,11.70741409,1.635296429,8.942653294
53-7071,Gas Compressor and Gas Pumping Station Operators,Transportation and Material Moving Occupations,17.26052268,16.15407411,7.389959701,49.02111239
53-7081,Refuse and Recyclable Material Collectors,Transportation and Material Moving Occupations,0.61131895,18.94502409,2.634003505,39.36580126